<?xml version="1.0" encoding="UTF-8"?>
<!DOCTYPE hibernate-mapping PUBLIC "-//Hibernate/Hibernate Mapping DTD 3.0//EN"
        "http://www.hibernate.org/dtd/hibernate-mapping-3.0.dtd">

<hibernate-mapping>

    <class name="io.github.benas.cb4j.tutorials.library.Book" table="book">
        <id column="isbn" name="isbn">
            <generator class="assigned"/>
        </id>
        <property name="title"/>
        <property name="author"/>
        <property name="publicationDate"/>
    </class>

</hibernate-mapping>
