<assembly xmlns="http://maven.apache.org/plugins/maven-assembly-plugin/assembly/1.1.0"
          xmlns:xsi="http://www.w3.org/2001/XMLSchema-instance"
          xsi:schemaLocation="http://maven.apache.org/plugins/maven-assembly-plugin/assembly/1.1.0 http://maven.apache.org/xsd/assembly-1.1.0.xsd">
    <id>release</id>
    <formats>
        <format>tar.gz</format>
        <format>zip</format>
    </formats>
    <fileSets>
        <fileSet>
            <directory>${project.basedir}</directory>
            <outputDirectory>/</outputDirectory>
            <includes>
                <include>LICENSE.txt</include>
            </includes>
        </fileSet>
        <fileSet>
            <directory>${project.basedir}/src/main/resources</directory>
            <outputDirectory>/</outputDirectory>
            <includes>
                <include>*.txt</include>
            </includes>
        </fileSet>
        <fileSet>
            <directory>${project.basedir}</directory>
            <outputDirectory>/src</outputDirectory>
            <includes>
                <include>cb4j-core/**</include>
                <include>cb4j-tutorials/**</include>
                <include>cb4j-quartz/**</include>
                <include>cb4j-tools/**</include>
                <include>src/**</include>
                <include>pom.xml</include>
            </includes>
            <excludes>
                <exclude>LICENSE.txt</exclude>
                <exclude>**/target/**</exclude>
                <exclude>**/*.iml</exclude>
            </excludes>
        </fileSet>
        <fileSet>
            <directory>${project.basedir}/cb4j-core/target/site/apidocs</directory>
            <outputDirectory>/docs/javadoc-api</outputDirectory>
            <includes>
                <include>**/*</include>
            </includes>
        </fileSet>
        <fileSet>
            <directory>${project.basedir}/src/site/html</directory>
            <outputDirectory>/docs/cb4j-reference</outputDirectory>
            <includes>
                <include>**/*</include>
            </includes>
        </fileSet>
        <fileSet>
            <directory>${project.basedir}/cb4j-core/target</directory>
            <outputDirectory>/dist</outputDirectory>
            <includes>
                <include>**/*.jar</include>
            </includes>
        </fileSet>
    </fileSets>

</assembly>


